<?xml version='1.0' encoding='UTF-8'?>
<agent-input>
  <variables>
    <variable name='sharedLocation' value='/opt/IBM/IMShared' />
  </variables>
  <server>
    <repository location='/iFix/PH34067/9.0.5.0-ws-wasprod-ifph34067.zip' />
  </server>
  <profile id='WebSphere Application Server - ND_1' installLocation='/opt/IBM/WebSphere'>
    <data key='cic.selector.arch' value='x86_64' />
  </profile>
  <install>
    <!-- 9.0.5.0-WS-WASProd-IFPH34067 -->
    <offering profile='WebSphere Application Server - ND_1' id='9.0.5.0-WS-WASProd-IFPH34067' />
  </install>
  <preference name='com.ibm.cic.common.core.preferences.eclipseCache' value='${sharedLocation}' />
  <preference name='offering.service.repositories.areUsed' value='false' />
</agent-input>
