<?xml version='1.0' encoding='UTF-8'?>
<agent-input>
  <variables>
    <variable name='sharedLocation' value='/opt/InstallationManager_AppServer_Shared' />
  </variables>
  <server>
    <repository location='/iFix/PH34711/9.0.5.6-ws-was-ifph34711.zip' />
  </server>
  <profile id='WebSphere Application Server - ND_1' installLocation='/opt/WAS'>
    <data key='cic.selector.arch' value='x86_64' />
  </profile>
  <install>
    <!-- 9.0.5.6-WS-WAS-IFPH34711 -->
    <offering profile='WebSphere Application Server - ND_1' id='9.0.5.6-WS-WAS-IFPH34711' />
  </install>
  <preference name='com.ibm.cic.common.core.preferences.eclipseCache' value='${sharedLocation}' />
  <preference name='offering.service.repositories.areUsed' value='false' />
</agent-input>
