<?xml version='1.0' encoding='UTF-8'?>
<agent-input>
  <variables>
    <variable name='sharedLocation' value='/opt/IBM/IMShared' />
  </variables>
  <server>
    <repository location='/iFix/PH34711/9.0.5.6-ws-was-ifph34711.zip' />
  </server>
  <profile id='WebSphere Application Server - ND_1' installLocation='/opt/IBM/Websphere'>
    <data key='cic.selector.arch' value='x86_64' />
  </profile>
  <uninstall>
    <offering profile='WebSphere Application Server - ND_1' id='9.0.5.6-WS-WAS-IFPH34711' version='9.0.5006.20210401_1646' />
  </uninstall>
  <preference name='com.ibm.cic.common.core.preferences.eclipseCache' value='${sharedLocation}' />
  <preference name='offering.service.repositories.areUsed' value='false' />
</agent-input>
