<?xml version='1.0' encoding='UTF-8'?>
<agent-input>
  <variables>
    <variable name='sharedLocation' value='/opt/IBM/IMShared' />
  </variables>
  <server>
    <repository location='/iFix/PH34122/9.0.0.11-ws-wasprod-ifph34122.zip' />
  </server>
  <profile id='WebSphere Application Server - ND_1' installLocation='/opt/IBM/WebSphere'>
    <data key='cic.selector.arch' value='x86_64' />
  </profile>
  <uninstall>
    <offering profile='WebSphere Application Server - ND_1' id='9.0.0.11-WS-WASProd-IFPH34122' version='9.0.11.20210406_1231' />
  </uninstall>
  <preference name='com.ibm.cic.common.core.preferences.eclipseCache' value='${sharedLocation}' />
  <preference name='offering.service.repositories.areUsed' value='false' />
</agent-input>
